phase	source_file	dest_file	error_type	error
phase22_thermodynamic_cost	/Users/renatosocodato/Library/CloudStorage/GoogleDrive-renato.socodato@gmail.com/My Drive/thermocausality_mtce_omics_mirror_2026-02-04/phase22_thermodynamic_cost_omics_mirror/spatial/GSE233208/GSE233208_5XFAD_seurat_processed_annotated.rds	/Users/renatosocodato/thermocausality_mtce/phase22_thermodynamic_cost__localcopy_tmp_py/spatial/GSE233208/GSE233208_5XFAD_seurat_processed_annotated.rds	TimeoutError	[Errno None] None: '/Users/renatosocodato/Library/CloudStorage/GoogleDrive-renato.socodato@gmail.com/My Drive/thermocausality_mtce_omics_mirror_2026-02-04/phase22_thermodynamic_cost_omics_mirror/spatial/GSE233208/GSE233208_5XFAD_seurat_processed_annotated.rds' -> '/Users/renatosocodato/thermocausality_mtce/phase22_thermodynamic_cost__localcopy_tmp_py/spatial/GSE233208/GSE233208_5XFAD_seurat_processed_annotated.rds'
phase22_thermodynamic_cost	/Users/renatosocodato/Library/CloudStorage/GoogleDrive-renato.socodato@gmail.com/My Drive/thermocausality_mtce_omics_mirror_2026-02-04/phase22_thermodynamic_cost_omics_mirror/spatial/GSE233208/GSE233208_5XFAD_seurat_processed_annotated.rds.gz	/Users/renatosocodato/thermocausality_mtce/phase22_thermodynamic_cost__localcopy_tmp_py/spatial/GSE233208/GSE233208_5XFAD_seurat_processed_annotated.rds.gz	TimeoutError	[Errno None] None: '/Users/renatosocodato/Library/CloudStorage/GoogleDrive-renato.socodato@gmail.com/My Drive/thermocausality_mtce_omics_mirror_2026-02-04/phase22_thermodynamic_cost_omics_mirror/spatial/GSE233208/GSE233208_5XFAD_seurat_processed_annotated.rds.gz' -> '/Users/renatosocodato/thermocausality_mtce/phase22_thermodynamic_cost__localcopy_tmp_py/spatial/GSE233208/GSE233208_5XFAD_seurat_processed_annotated.rds.gz'
phase23_collective_intelligence	/Users/renatosocodato/Library/CloudStorage/GoogleDrive-renato.socodato@gmail.com/My Drive/thermocausality_mtce_omics_mirror_2026-02-04/phase23_collective_intelligence_omics_mirror/maldi2alz/raw/Animal_1_5xFAD_s2.mat	/Users/renatosocodato/thermocausality_mtce/phase23_collective_intelligence__localcopy_tmp_py/maldi2alz/raw/Animal_1_5xFAD_s2.mat	TimeoutError	[Errno None] None: '/Users/renatosocodato/Library/CloudStorage/GoogleDrive-renato.socodato@gmail.com/My Drive/thermocausality_mtce_omics_mirror_2026-02-04/phase23_collective_intelligence_omics_mirror/maldi2alz/raw/Animal_1_5xFAD_s2.mat' -> '/Users/renatosocodato/thermocausality_mtce/phase23_collective_intelligence__localcopy_tmp_py/maldi2alz/raw/Animal_1_5xFAD_s2.mat'
phase23_collective_intelligence	/Users/renatosocodato/Library/CloudStorage/GoogleDrive-renato.socodato@gmail.com/My Drive/thermocausality_mtce_omics_mirror_2026-02-04/phase23_collective_intelligence_omics_mirror/maldi2alz/raw/Animal_1_5xFAD_s1.mat	/Users/renatosocodato/thermocausality_mtce/phase23_collective_intelligence__localcopy_tmp_py/maldi2alz/raw/Animal_1_5xFAD_s1.mat	TimeoutError	[Errno None] None: '/Users/renatosocodato/Library/CloudStorage/GoogleDrive-renato.socodato@gmail.com/My Drive/thermocausality_mtce_omics_mirror_2026-02-04/phase23_collective_intelligence_omics_mirror/maldi2alz/raw/Animal_1_5xFAD_s1.mat' -> '/Users/renatosocodato/thermocausality_mtce/phase23_collective_intelligence__localcopy_tmp_py/maldi2alz/raw/Animal_1_5xFAD_s1.mat'
phase23_collective_intelligence	/Users/renatosocodato/Library/CloudStorage/GoogleDrive-renato.socodato@gmail.com/My Drive/thermocausality_mtce_omics_mirror_2026-02-04/phase23_collective_intelligence_omics_mirror/mibi/raw/hippocampus_mibi_2026-02-04.tar	/Users/renatosocodato/thermocausality_mtce/phase23_collective_intelligence__localcopy_tmp_py/mibi/raw/hippocampus_mibi_2026-02-04.tar	TimeoutError	[Errno None] None: '/Users/renatosocodato/Library/CloudStorage/GoogleDrive-renato.socodato@gmail.com/My Drive/thermocausality_mtce_omics_mirror_2026-02-04/phase23_collective_intelligence_omics_mirror/mibi/raw/hippocampus_mibi_2026-02-04.tar' -> '/Users/renatosocodato/thermocausality_mtce/phase23_collective_intelligence__localcopy_tmp_py/mibi/raw/hippocampus_mibi_2026-02-04.tar'
phase23_collective_intelligence	/Users/renatosocodato/Library/CloudStorage/GoogleDrive-renato.socodato@gmail.com/My Drive/thermocausality_mtce_omics_mirror_2026-02-04/phase23_collective_intelligence_omics_mirror/mibi/raw/hippocampus_mibi/ADD_Partial_HIRes_Hippocampus_cell_segmentation.zip	/Users/renatosocodato/thermocausality_mtce/phase23_collective_intelligence__localcopy_tmp_py/mibi/raw/hippocampus_mibi/ADD_Partial_HIRes_Hippocampus_cell_segmentation.zip	TimeoutError	[Errno None] None: '/Users/renatosocodato/Library/CloudStorage/GoogleDrive-renato.socodato@gmail.com/My Drive/thermocausality_mtce_omics_mirror_2026-02-04/phase23_collective_intelligence_omics_mirror/mibi/raw/hippocampus_mibi/ADD_Partial_HIRes_Hippocampus_cell_segmentation.zip' -> '/Users/renatosocodato/thermocausality_mtce/phase23_collective_intelligence__localcopy_tmp_py/mibi/raw/hippocampus_mibi/ADD_Partial_HIRes_Hippocampus_cell_segmentation.zip'
phase23_collective_intelligence	/Users/renatosocodato/Library/CloudStorage/GoogleDrive-renato.socodato@gmail.com/My Drive/thermocausality_mtce_omics_mirror_2026-02-04/phase23_collective_intelligence_omics_mirror/mibi/raw/hippocampus_mibi/CIND_Full_Hippocampus_Images.zip.corrupt_20260203	/Users/renatosocodato/thermocausality_mtce/phase23_collective_intelligence__localcopy_tmp_py/mibi/raw/hippocampus_mibi/CIND_Full_Hippocampus_Images.zip.corrupt_20260203	TimeoutError	[Errno None] None: '/Users/renatosocodato/Library/CloudStorage/GoogleDrive-renato.socodato@gmail.com/My Drive/thermocausality_mtce_omics_mirror_2026-02-04/phase23_collective_intelligence_omics_mirror/mibi/raw/hippocampus_mibi/CIND_Full_Hippocampus_Images.zip.corrupt_20260203' -> '/Users/renatosocodato/thermocausality_mtce/phase23_collective_intelligence__localcopy_tmp_py/mibi/raw/hippocampus_mibi/CIND_Full_Hippocampus_Images.zip.corrupt_20260203'
phase23_collective_intelligence	/Users/renatosocodato/Library/CloudStorage/GoogleDrive-renato.socodato@gmail.com/My Drive/thermocausality_mtce_omics_mirror_2026-02-04/phase23_collective_intelligence_omics_mirror/mibi/raw/hippocampus_mibi/ADD_Full_Hippocampus_Images.zip.corrupt_20260203	/Users/renatosocodato/thermocausality_mtce/phase23_collective_intelligence__localcopy_tmp_py/mibi/raw/hippocampus_mibi/ADD_Full_Hippocampus_Images.zip.corrupt_20260203	TimeoutError	[Errno None] None: '/Users/renatosocodato/Library/CloudStorage/GoogleDrive-renato.socodato@gmail.com/My Drive/thermocausality_mtce_omics_mirror_2026-02-04/phase23_collective_intelligence_omics_mirror/mibi/raw/hippocampus_mibi/ADD_Full_Hippocampus_Images.zip.corrupt_20260203' -> '/Users/renatosocodato/thermocausality_mtce/phase23_collective_intelligence__localcopy_tmp_py/mibi/raw/hippocampus_mibi/ADD_Full_Hippocampus_Images.zip.corrupt_20260203'
phase23_collective_intelligence	/Users/renatosocodato/Library/CloudStorage/GoogleDrive-renato.socodato@gmail.com/My Drive/thermocausality_mtce_omics_mirror_2026-02-04/phase23_collective_intelligence_omics_mirror/mibi/raw/hippocampus_mibi/ADD_Partial_HIRes_Hippocampus_Images.zip	/Users/renatosocodato/thermocausality_mtce/phase23_collective_intelligence__localcopy_tmp_py/mibi/raw/hippocampus_mibi/ADD_Partial_HIRes_Hippocampus_Images.zip	TimeoutError	[Errno None] None: '/Users/renatosocodato/Library/CloudStorage/GoogleDrive-renato.socodato@gmail.com/My Drive/thermocausality_mtce_omics_mirror_2026-02-04/phase23_collective_intelligence_omics_mirror/mibi/raw/hippocampus_mibi/ADD_Partial_HIRes_Hippocampus_Images.zip' -> '/Users/renatosocodato/thermocausality_mtce/phase23_collective_intelligence__localcopy_tmp_py/mibi/raw/hippocampus_mibi/ADD_Partial_HIRes_Hippocampus_Images.zip'
phase23_collective_intelligence	/Users/renatosocodato/Library/CloudStorage/GoogleDrive-renato.socodato@gmail.com/My Drive/thermocausality_mtce_omics_mirror_2026-02-04/phase23_collective_intelligence_omics_mirror/mibi/raw/hippocampus_mibi/CIND_Full_Hippocampus_Images.zip	/Users/renatosocodato/thermocausality_mtce/phase23_collective_intelligence__localcopy_tmp_py/mibi/raw/hippocampus_mibi/CIND_Full_Hippocampus_Images.zip	TimeoutError	[Errno None] None: '/Users/renatosocodato/Library/CloudStorage/GoogleDrive-renato.socodato@gmail.com/My Drive/thermocausality_mtce_omics_mirror_2026-02-04/phase23_collective_intelligence_omics_mirror/mibi/raw/hippocampus_mibi/CIND_Full_Hippocampus_Images.zip' -> '/Users/renatosocodato/thermocausality_mtce/phase23_collective_intelligence__localcopy_tmp_py/mibi/raw/hippocampus_mibi/CIND_Full_Hippocampus_Images.zip'
phase23_collective_intelligence	/Users/renatosocodato/Library/CloudStorage/GoogleDrive-renato.socodato@gmail.com/My Drive/thermocausality_mtce_omics_mirror_2026-02-04/phase23_collective_intelligence_omics_mirror/mibi/raw/hippocampus_mibi/CN_Full_Hippocampus%28Set2%29_Images.zip	/Users/renatosocodato/thermocausality_mtce/phase23_collective_intelligence__localcopy_tmp_py/mibi/raw/hippocampus_mibi/CN_Full_Hippocampus%28Set2%29_Images.zip	TimeoutError	[Errno None] None: '/Users/renatosocodato/Library/CloudStorage/GoogleDrive-renato.socodato@gmail.com/My Drive/thermocausality_mtce_omics_mirror_2026-02-04/phase23_collective_intelligence_omics_mirror/mibi/raw/hippocampus_mibi/CN_Full_Hippocampus%28Set2%29_Images.zip' -> '/Users/renatosocodato/thermocausality_mtce/phase23_collective_intelligence__localcopy_tmp_py/mibi/raw/hippocampus_mibi/CN_Full_Hippocampus%28Set2%29_Images.zip'
phase23_collective_intelligence	/Users/renatosocodato/Library/CloudStorage/GoogleDrive-renato.socodato@gmail.com/My Drive/thermocausality_mtce_omics_mirror_2026-02-04/phase23_collective_intelligence_omics_mirror/mibi/raw/hippocampus_mibi/ADD_Full_Hippocampus_cell_segementation.zip	/Users/renatosocodato/thermocausality_mtce/phase23_collective_intelligence__localcopy_tmp_py/mibi/raw/hippocampus_mibi/ADD_Full_Hippocampus_cell_segementation.zip	TimeoutError	[Errno None] None: '/Users/renatosocodato/Library/CloudStorage/GoogleDrive-renato.socodato@gmail.com/My Drive/thermocausality_mtce_omics_mirror_2026-02-04/phase23_collective_intelligence_omics_mirror/mibi/raw/hippocampus_mibi/ADD_Full_Hippocampus_cell_segementation.zip' -> '/Users/renatosocodato/thermocausality_mtce/phase23_collective_intelligence__localcopy_tmp_py/mibi/raw/hippocampus_mibi/ADD_Full_Hippocampus_cell_segementation.zip'
phase23_collective_intelligence	/Users/renatosocodato/Library/CloudStorage/GoogleDrive-renato.socodato@gmail.com/My Drive/thermocausality_mtce_omics_mirror_2026-02-04/phase23_collective_intelligence_omics_mirror/mibi/raw/hippocampus_mibi/ADD_Full_Hippocampus_Images.zip	/Users/renatosocodato/thermocausality_mtce/phase23_collective_intelligence__localcopy_tmp_py/mibi/raw/hippocampus_mibi/ADD_Full_Hippocampus_Images.zip	TimeoutError	[Errno None] None: '/Users/renatosocodato/Library/CloudStorage/GoogleDrive-renato.socodato@gmail.com/My Drive/thermocausality_mtce_omics_mirror_2026-02-04/phase23_collective_intelligence_omics_mirror/mibi/raw/hippocampus_mibi/ADD_Full_Hippocampus_Images.zip' -> '/Users/renatosocodato/thermocausality_mtce/phase23_collective_intelligence__localcopy_tmp_py/mibi/raw/hippocampus_mibi/ADD_Full_Hippocampus_Images.zip'
phase23_collective_intelligence	/Users/renatosocodato/Library/CloudStorage/GoogleDrive-renato.socodato@gmail.com/My Drive/thermocausality_mtce_omics_mirror_2026-02-04/phase23_collective_intelligence_omics_mirror/mibi/raw/hippocampus_mibi/CN_Full_Hippocampus%28Set1%29_Images.zip	/Users/renatosocodato/thermocausality_mtce/phase23_collective_intelligence__localcopy_tmp_py/mibi/raw/hippocampus_mibi/CN_Full_Hippocampus%28Set1%29_Images.zip	TimeoutError	[Errno None] None: '/Users/renatosocodato/Library/CloudStorage/GoogleDrive-renato.socodato@gmail.com/My Drive/thermocausality_mtce_omics_mirror_2026-02-04/phase23_collective_intelligence_omics_mirror/mibi/raw/hippocampus_mibi/CN_Full_Hippocampus%28Set1%29_Images.zip' -> '/Users/renatosocodato/thermocausality_mtce/phase23_collective_intelligence__localcopy_tmp_py/mibi/raw/hippocampus_mibi/CN_Full_Hippocampus%28Set1%29_Images.zip'
phase23_collective_intelligence	/Users/renatosocodato/Library/CloudStorage/GoogleDrive-renato.socodato@gmail.com/My Drive/thermocausality_mtce_omics_mirror_2026-02-04/phase23_collective_intelligence_omics_mirror/mibi/raw/hippocampus_mibi/ADD_Partial_HIRes_Hippocampus_object_segmentation.zip	/Users/renatosocodato/thermocausality_mtce/phase23_collective_intelligence__localcopy_tmp_py/mibi/raw/hippocampus_mibi/ADD_Partial_HIRes_Hippocampus_object_segmentation.zip	TimeoutError	[Errno None] None: '/Users/renatosocodato/Library/CloudStorage/GoogleDrive-renato.socodato@gmail.com/My Drive/thermocausality_mtce_omics_mirror_2026-02-04/phase23_collective_intelligence_omics_mirror/mibi/raw/hippocampus_mibi/ADD_Partial_HIRes_Hippocampus_object_segmentation.zip' -> '/Users/renatosocodato/thermocausality_mtce/phase23_collective_intelligence__localcopy_tmp_py/mibi/raw/hippocampus_mibi/ADD_Partial_HIRes_Hippocampus_object_segmentation.zip'
phase23_collective_intelligence	/Users/renatosocodato/Library/CloudStorage/GoogleDrive-renato.socodato@gmail.com/My Drive/thermocausality_mtce_omics_mirror_2026-02-04/phase23_collective_intelligence_omics_mirror/mibi/raw/hippocampus_mibi/TMA_Images.zip	/Users/renatosocodato/thermocausality_mtce/phase23_collective_intelligence__localcopy_tmp_py/mibi/raw/hippocampus_mibi/TMA_Images.zip	TimeoutError	[Errno None] None: '/Users/renatosocodato/Library/CloudStorage/GoogleDrive-renato.socodato@gmail.com/My Drive/thermocausality_mtce_omics_mirror_2026-02-04/phase23_collective_intelligence_omics_mirror/mibi/raw/hippocampus_mibi/TMA_Images.zip' -> '/Users/renatosocodato/thermocausality_mtce/phase23_collective_intelligence__localcopy_tmp_py/mibi/raw/hippocampus_mibi/TMA_Images.zip'
phase23_collective_intelligence	/Users/renatosocodato/Library/CloudStorage/GoogleDrive-renato.socodato@gmail.com/My Drive/thermocausality_mtce_omics_mirror_2026-02-04/phase23_collective_intelligence_omics_mirror/mibi/raw/hippocampus_mibi/CN_Full_Hippocampus%28Set3%29_cell_segmentation.zip	/Users/renatosocodato/thermocausality_mtce/phase23_collective_intelligence__localcopy_tmp_py/mibi/raw/hippocampus_mibi/CN_Full_Hippocampus%28Set3%29_cell_segmentation.zip	TimeoutError	[Errno None] None: '/Users/renatosocodato/Library/CloudStorage/GoogleDrive-renato.socodato@gmail.com/My Drive/thermocausality_mtce_omics_mirror_2026-02-04/phase23_collective_intelligence_omics_mirror/mibi/raw/hippocampus_mibi/CN_Full_Hippocampus%28Set3%29_cell_segmentation.zip' -> '/Users/renatosocodato/thermocausality_mtce/phase23_collective_intelligence__localcopy_tmp_py/mibi/raw/hippocampus_mibi/CN_Full_Hippocampus%28Set3%29_cell_segmentation.zip'
phase23_collective_intelligence	/Users/renatosocodato/Library/CloudStorage/GoogleDrive-renato.socodato@gmail.com/My Drive/thermocausality_mtce_omics_mirror_2026-02-04/phase23_collective_intelligence_omics_mirror/mibi/raw/hippocampus_mibi/CN_Full_Hippocampus%28Set3%29_Images.zip	/Users/renatosocodato/thermocausality_mtce/phase23_collective_intelligence__localcopy_tmp_py/mibi/raw/hippocampus_mibi/CN_Full_Hippocampus%28Set3%29_Images.zip	TimeoutError	[Errno None] None: '/Users/renatosocodato/Library/CloudStorage/GoogleDrive-renato.socodato@gmail.com/My Drive/thermocausality_mtce_omics_mirror_2026-02-04/phase23_collective_intelligence_omics_mirror/mibi/raw/hippocampus_mibi/CN_Full_Hippocampus%28Set3%29_Images.zip' -> '/Users/renatosocodato/thermocausality_mtce/phase23_collective_intelligence__localcopy_tmp_py/mibi/raw/hippocampus_mibi/CN_Full_Hippocampus%28Set3%29_Images.zip'
phase23_collective_intelligence	/Users/renatosocodato/Library/CloudStorage/GoogleDrive-renato.socodato@gmail.com/My Drive/thermocausality_mtce_omics_mirror_2026-02-04/phase23_collective_intelligence_omics_mirror/mibi/raw/hippocampus_mibi/ADD_Full_Hippocampus_object_segmentation.zip	/Users/renatosocodato/thermocausality_mtce/phase23_collective_intelligence__localcopy_tmp_py/mibi/raw/hippocampus_mibi/ADD_Full_Hippocampus_object_segmentation.zip	TimeoutError	[Errno None] None: '/Users/renatosocodato/Library/CloudStorage/GoogleDrive-renato.socodato@gmail.com/My Drive/thermocausality_mtce_omics_mirror_2026-02-04/phase23_collective_intelligence_omics_mirror/mibi/raw/hippocampus_mibi/ADD_Full_Hippocampus_object_segmentation.zip' -> '/Users/renatosocodato/thermocausality_mtce/phase23_collective_intelligence__localcopy_tmp_py/mibi/raw/hippocampus_mibi/ADD_Full_Hippocampus_object_segmentation.zip'
phase23_collective_intelligence	/Users/renatosocodato/Library/CloudStorage/GoogleDrive-renato.socodato@gmail.com/My Drive/thermocausality_mtce_omics_mirror_2026-02-04/phase23_collective_intelligence_omics_mirror/mibi/raw/hippocampus_mibi/CIND_Full_Hippocampus_object_segmentation.zip	/Users/renatosocodato/thermocausality_mtce/phase23_collective_intelligence__localcopy_tmp_py/mibi/raw/hippocampus_mibi/CIND_Full_Hippocampus_object_segmentation.zip	TimeoutError	[Errno None] None: '/Users/renatosocodato/Library/CloudStorage/GoogleDrive-renato.socodato@gmail.com/My Drive/thermocausality_mtce_omics_mirror_2026-02-04/phase23_collective_intelligence_omics_mirror/mibi/raw/hippocampus_mibi/CIND_Full_Hippocampus_object_segmentation.zip' -> '/Users/renatosocodato/thermocausality_mtce/phase23_collective_intelligence__localcopy_tmp_py/mibi/raw/hippocampus_mibi/CIND_Full_Hippocampus_object_segmentation.zip'
phase23_collective_intelligence	/Users/renatosocodato/Library/CloudStorage/GoogleDrive-renato.socodato@gmail.com/My Drive/thermocausality_mtce_omics_mirror_2026-02-04/phase23_collective_intelligence_omics_mirror/mibi/raw/hippocampus_mibi/CN_Full_Hippocampus%28Set2%29_cell_segmentation.zip	/Users/renatosocodato/thermocausality_mtce/phase23_collective_intelligence__localcopy_tmp_py/mibi/raw/hippocampus_mibi/CN_Full_Hippocampus%28Set2%29_cell_segmentation.zip	TimeoutError	[Errno None] None: '/Users/renatosocodato/Library/CloudStorage/GoogleDrive-renato.socodato@gmail.com/My Drive/thermocausality_mtce_omics_mirror_2026-02-04/phase23_collective_intelligence_omics_mirror/mibi/raw/hippocampus_mibi/CN_Full_Hippocampus%28Set2%29_cell_segmentation.zip' -> '/Users/renatosocodato/thermocausality_mtce/phase23_collective_intelligence__localcopy_tmp_py/mibi/raw/hippocampus_mibi/CN_Full_Hippocampus%28Set2%29_cell_segmentation.zip'
phase23_collective_intelligence	/Users/renatosocodato/Library/CloudStorage/GoogleDrive-renato.socodato@gmail.com/My Drive/thermocausality_mtce_omics_mirror_2026-02-04/phase23_collective_intelligence_omics_mirror/mibi/raw/hippocampus_mibi/CIND_Full_Hippocampus_cell_segmentation.zip	/Users/renatosocodato/thermocausality_mtce/phase23_collective_intelligence__localcopy_tmp_py/mibi/raw/hippocampus_mibi/CIND_Full_Hippocampus_cell_segmentation.zip	TimeoutError	[Errno None] None: '/Users/renatosocodato/Library/CloudStorage/GoogleDrive-renato.socodato@gmail.com/My Drive/thermocausality_mtce_omics_mirror_2026-02-04/phase23_collective_intelligence_omics_mirror/mibi/raw/hippocampus_mibi/CIND_Full_Hippocampus_cell_segmentation.zip' -> '/Users/renatosocodato/thermocausality_mtce/phase23_collective_intelligence__localcopy_tmp_py/mibi/raw/hippocampus_mibi/CIND_Full_Hippocampus_cell_segmentation.zip'
phase23_collective_intelligence	/Users/renatosocodato/Library/CloudStorage/GoogleDrive-renato.socodato@gmail.com/My Drive/thermocausality_mtce_omics_mirror_2026-02-04/phase23_collective_intelligence_omics_mirror/mibi/raw/atlas_multi_region/Case_Study_Analysis_Data/current.RData	/Users/renatosocodato/thermocausality_mtce/phase23_collective_intelligence__localcopy_tmp_py/mibi/raw/atlas_multi_region/Case_Study_Analysis_Data/current.RData	TimeoutError	[Errno None] None: '/Users/renatosocodato/Library/CloudStorage/GoogleDrive-renato.socodato@gmail.com/My Drive/thermocausality_mtce_omics_mirror_2026-02-04/phase23_collective_intelligence_omics_mirror/mibi/raw/atlas_multi_region/Case_Study_Analysis_Data/current.RData' -> '/Users/renatosocodato/thermocausality_mtce/phase23_collective_intelligence__localcopy_tmp_py/mibi/raw/atlas_multi_region/Case_Study_Analysis_Data/current.RData'
phase23_collective_intelligence	/Users/renatosocodato/Library/CloudStorage/GoogleDrive-renato.socodato@gmail.com/My Drive/thermocausality_mtce_omics_mirror_2026-02-04/phase23_collective_intelligence_omics_mirror/mibi/raw/atlas_multi_region/Case_Study_Analysis_Data/pixie.zip	/Users/renatosocodato/thermocausality_mtce/phase23_collective_intelligence__localcopy_tmp_py/mibi/raw/atlas_multi_region/Case_Study_Analysis_Data/pixie.zip	TimeoutError	[Errno None] None: '/Users/renatosocodato/Library/CloudStorage/GoogleDrive-renato.socodato@gmail.com/My Drive/thermocausality_mtce_omics_mirror_2026-02-04/phase23_collective_intelligence_omics_mirror/mibi/raw/atlas_multi_region/Case_Study_Analysis_Data/pixie.zip' -> '/Users/renatosocodato/thermocausality_mtce/phase23_collective_intelligence__localcopy_tmp_py/mibi/raw/atlas_multi_region/Case_Study_Analysis_Data/pixie.zip'
phase23_collective_intelligence	/Users/renatosocodato/Library/CloudStorage/GoogleDrive-renato.socodato@gmail.com/My Drive/thermocausality_mtce_omics_mirror_2026-02-04/phase23_collective_intelligence_omics_mirror/mibi/raw/atlas_multi_region/AD_HIP_Case_Study_Imaging_Data/CA1_Gray/Stitched.zip	/Users/renatosocodato/thermocausality_mtce/phase23_collective_intelligence__localcopy_tmp_py/mibi/raw/atlas_multi_region/AD_HIP_Case_Study_Imaging_Data/CA1_Gray/Stitched.zip	TimeoutError	[Errno None] None: '/Users/renatosocodato/Library/CloudStorage/GoogleDrive-renato.socodato@gmail.com/My Drive/thermocausality_mtce_omics_mirror_2026-02-04/phase23_collective_intelligence_omics_mirror/mibi/raw/atlas_multi_region/AD_HIP_Case_Study_Imaging_Data/CA1_Gray/Stitched.zip' -> '/Users/renatosocodato/thermocausality_mtce/phase23_collective_intelligence__localcopy_tmp_py/mibi/raw/atlas_multi_region/AD_HIP_Case_Study_Imaging_Data/CA1_Gray/Stitched.zip'
phase23_collective_intelligence	/Users/renatosocodato/Library/CloudStorage/GoogleDrive-renato.socodato@gmail.com/My Drive/thermocausality_mtce_omics_mirror_2026-02-04/phase23_collective_intelligence_omics_mirror/mibi/raw/atlas_multi_region/AD_HIP_Case_Study_Imaging_Data/CA1_Gray/Bck_rm-20250107T205544Z-001.zip	/Users/renatosocodato/thermocausality_mtce/phase23_collective_intelligence__localcopy_tmp_py/mibi/raw/atlas_multi_region/AD_HIP_Case_Study_Imaging_Data/CA1_Gray/Bck_rm-20250107T205544Z-001.zip	TimeoutError	[Errno None] None: '/Users/renatosocodato/Library/CloudStorage/GoogleDrive-renato.socodato@gmail.com/My Drive/thermocausality_mtce_omics_mirror_2026-02-04/phase23_collective_intelligence_omics_mirror/mibi/raw/atlas_multi_region/AD_HIP_Case_Study_Imaging_Data/CA1_Gray/Bck_rm-20250107T205544Z-001.zip' -> '/Users/renatosocodato/thermocausality_mtce/phase23_collective_intelligence__localcopy_tmp_py/mibi/raw/atlas_multi_region/AD_HIP_Case_Study_Imaging_Data/CA1_Gray/Bck_rm-20250107T205544Z-001.zip'
phase23_collective_intelligence	/Users/renatosocodato/Library/CloudStorage/GoogleDrive-renato.socodato@gmail.com/My Drive/thermocausality_mtce_omics_mirror_2026-02-04/phase23_collective_intelligence_omics_mirror/mibi/raw/atlas_multi_region/AD_HIP_Case_Study_Imaging_Data/CA1_Gray/old_noise_removal_data-20250107T205557Z-001.zip	/Users/renatosocodato/thermocausality_mtce/phase23_collective_intelligence__localcopy_tmp_py/mibi/raw/atlas_multi_region/AD_HIP_Case_Study_Imaging_Data/CA1_Gray/old_noise_removal_data-20250107T205557Z-001.zip	TimeoutError	[Errno None] None: '/Users/renatosocodato/Library/CloudStorage/GoogleDrive-renato.socodato@gmail.com/My Drive/thermocausality_mtce_omics_mirror_2026-02-04/phase23_collective_intelligence_omics_mirror/mibi/raw/atlas_multi_region/AD_HIP_Case_Study_Imaging_Data/CA1_Gray/old_noise_removal_data-20250107T205557Z-001.zip' -> '/Users/renatosocodato/thermocausality_mtce/phase23_collective_intelligence__localcopy_tmp_py/mibi/raw/atlas_multi_region/AD_HIP_Case_Study_Imaging_Data/CA1_Gray/old_noise_removal_data-20250107T205557Z-001.zip'
phase23_collective_intelligence	/Users/renatosocodato/Library/CloudStorage/GoogleDrive-renato.socodato@gmail.com/My Drive/thermocausality_mtce_omics_mirror_2026-02-04/phase23_collective_intelligence_omics_mirror/mibi/raw/atlas_multi_region/AD_HIP_Case_Study_Imaging_Data/White/Stitched.zip	/Users/renatosocodato/thermocausality_mtce/phase23_collective_intelligence__localcopy_tmp_py/mibi/raw/atlas_multi_region/AD_HIP_Case_Study_Imaging_Data/White/Stitched.zip	TimeoutError	[Errno None] None: '/Users/renatosocodato/Library/CloudStorage/GoogleDrive-renato.socodato@gmail.com/My Drive/thermocausality_mtce_omics_mirror_2026-02-04/phase23_collective_intelligence_omics_mirror/mibi/raw/atlas_multi_region/AD_HIP_Case_Study_Imaging_Data/White/Stitched.zip' -> '/Users/renatosocodato/thermocausality_mtce/phase23_collective_intelligence__localcopy_tmp_py/mibi/raw/atlas_multi_region/AD_HIP_Case_Study_Imaging_Data/White/Stitched.zip'
phase23_collective_intelligence	/Users/renatosocodato/Library/CloudStorage/GoogleDrive-renato.socodato@gmail.com/My Drive/thermocausality_mtce_omics_mirror_2026-02-04/phase23_collective_intelligence_omics_mirror/mibi/raw/atlas_multi_region/Healthy_Case_Study_Imaging_Data/Cerelbellum_White.zip	/Users/renatosocodato/thermocausality_mtce/phase23_collective_intelligence__localcopy_tmp_py/mibi/raw/atlas_multi_region/Healthy_Case_Study_Imaging_Data/Cerelbellum_White.zip	TimeoutError	[Errno None] None: '/Users/renatosocodato/Library/CloudStorage/GoogleDrive-renato.socodato@gmail.com/My Drive/thermocausality_mtce_omics_mirror_2026-02-04/phase23_collective_intelligence_omics_mirror/mibi/raw/atlas_multi_region/Healthy_Case_Study_Imaging_Data/Cerelbellum_White.zip' -> '/Users/renatosocodato/thermocausality_mtce/phase23_collective_intelligence__localcopy_tmp_py/mibi/raw/atlas_multi_region/Healthy_Case_Study_Imaging_Data/Cerelbellum_White.zip'
phase23_collective_intelligence	/Users/renatosocodato/Library/CloudStorage/GoogleDrive-renato.socodato@gmail.com/My Drive/thermocausality_mtce_omics_mirror_2026-02-04/phase23_collective_intelligence_omics_mirror/mibi/raw/atlas_multi_region/Healthy_Case_Study_Imaging_Data/MFG_White.zip	/Users/renatosocodato/thermocausality_mtce/phase23_collective_intelligence__localcopy_tmp_py/mibi/raw/atlas_multi_region/Healthy_Case_Study_Imaging_Data/MFG_White.zip	TimeoutError	[Errno None] None: '/Users/renatosocodato/Library/CloudStorage/GoogleDrive-renato.socodato@gmail.com/My Drive/thermocausality_mtce_omics_mirror_2026-02-04/phase23_collective_intelligence_omics_mirror/mibi/raw/atlas_multi_region/Healthy_Case_Study_Imaging_Data/MFG_White.zip' -> '/Users/renatosocodato/thermocausality_mtce/phase23_collective_intelligence__localcopy_tmp_py/mibi/raw/atlas_multi_region/Healthy_Case_Study_Imaging_Data/MFG_White.zip'
phase23_collective_intelligence	/Users/renatosocodato/Library/CloudStorage/GoogleDrive-renato.socodato@gmail.com/My Drive/thermocausality_mtce_omics_mirror_2026-02-04/phase23_collective_intelligence_omics_mirror/mibi/raw/atlas_multi_region/Healthy_Case_Study_Imaging_Data/SN_White.zip	/Users/renatosocodato/thermocausality_mtce/phase23_collective_intelligence__localcopy_tmp_py/mibi/raw/atlas_multi_region/Healthy_Case_Study_Imaging_Data/SN_White.zip	TimeoutError	[Errno None] None: '/Users/renatosocodato/Library/CloudStorage/GoogleDrive-renato.socodato@gmail.com/My Drive/thermocausality_mtce_omics_mirror_2026-02-04/phase23_collective_intelligence_omics_mirror/mibi/raw/atlas_multi_region/Healthy_Case_Study_Imaging_Data/SN_White.zip' -> '/Users/renatosocodato/thermocausality_mtce/phase23_collective_intelligence__localcopy_tmp_py/mibi/raw/atlas_multi_region/Healthy_Case_Study_Imaging_Data/SN_White.zip'
phase23_collective_intelligence	/Users/renatosocodato/Library/CloudStorage/GoogleDrive-renato.socodato@gmail.com/My Drive/thermocausality_mtce_omics_mirror_2026-02-04/phase23_collective_intelligence_omics_mirror/mibi/raw/atlas_multi_region/Healthy_Case_Study_Imaging_Data/Caudate_Grey.zip	/Users/renatosocodato/thermocausality_mtce/phase23_collective_intelligence__localcopy_tmp_py/mibi/raw/atlas_multi_region/Healthy_Case_Study_Imaging_Data/Caudate_Grey.zip	TimeoutError	[Errno None] None: '/Users/renatosocodato/Library/CloudStorage/GoogleDrive-renato.socodato@gmail.com/My Drive/thermocausality_mtce_omics_mirror_2026-02-04/phase23_collective_intelligence_omics_mirror/mibi/raw/atlas_multi_region/Healthy_Case_Study_Imaging_Data/Caudate_Grey.zip' -> '/Users/renatosocodato/thermocausality_mtce/phase23_collective_intelligence__localcopy_tmp_py/mibi/raw/atlas_multi_region/Healthy_Case_Study_Imaging_Data/Caudate_Grey.zip'
phase23_collective_intelligence	/Users/renatosocodato/Library/CloudStorage/GoogleDrive-renato.socodato@gmail.com/My Drive/thermocausality_mtce_omics_mirror_2026-02-04/phase23_collective_intelligence_omics_mirror/mibi/raw/atlas_multi_region/Healthy_Case_Study_Imaging_Data/Cerebellum_Gray.zip	/Users/renatosocodato/thermocausality_mtce/phase23_collective_intelligence__localcopy_tmp_py/mibi/raw/atlas_multi_region/Healthy_Case_Study_Imaging_Data/Cerebellum_Gray.zip	TimeoutError	[Errno None] None: '/Users/renatosocodato/Library/CloudStorage/GoogleDrive-renato.socodato@gmail.com/My Drive/thermocausality_mtce_omics_mirror_2026-02-04/phase23_collective_intelligence_omics_mirror/mibi/raw/atlas_multi_region/Healthy_Case_Study_Imaging_Data/Cerebellum_Gray.zip' -> '/Users/renatosocodato/thermocausality_mtce/phase23_collective_intelligence__localcopy_tmp_py/mibi/raw/atlas_multi_region/Healthy_Case_Study_Imaging_Data/Cerebellum_Gray.zip'
phase23_collective_intelligence	/Users/renatosocodato/Library/CloudStorage/GoogleDrive-renato.socodato@gmail.com/My Drive/thermocausality_mtce_omics_mirror_2026-02-04/phase23_collective_intelligence_omics_mirror/mibi/raw/atlas_multi_region/Healthy_Case_Study_Imaging_Data/Caudate_White.zip	/Users/renatosocodato/thermocausality_mtce/phase23_collective_intelligence__localcopy_tmp_py/mibi/raw/atlas_multi_region/Healthy_Case_Study_Imaging_Data/Caudate_White.zip	TimeoutError	[Errno None] None: '/Users/renatosocodato/Library/CloudStorage/GoogleDrive-renato.socodato@gmail.com/My Drive/thermocausality_mtce_omics_mirror_2026-02-04/phase23_collective_intelligence_omics_mirror/mibi/raw/atlas_multi_region/Healthy_Case_Study_Imaging_Data/Caudate_White.zip' -> '/Users/renatosocodato/thermocausality_mtce/phase23_collective_intelligence__localcopy_tmp_py/mibi/raw/atlas_multi_region/Healthy_Case_Study_Imaging_Data/Caudate_White.zip'
phase23_collective_intelligence	/Users/renatosocodato/Library/CloudStorage/GoogleDrive-renato.socodato@gmail.com/My Drive/thermocausality_mtce_omics_mirror_2026-02-04/phase23_collective_intelligence_omics_mirror/mibi/raw/atlas_multi_region/Healthy_Case_Study_Imaging_Data/MFG_Grey.zip	/Users/renatosocodato/thermocausality_mtce/phase23_collective_intelligence__localcopy_tmp_py/mibi/raw/atlas_multi_region/Healthy_Case_Study_Imaging_Data/MFG_Grey.zip	TimeoutError	[Errno None] None: '/Users/renatosocodato/Library/CloudStorage/GoogleDrive-renato.socodato@gmail.com/My Drive/thermocausality_mtce_omics_mirror_2026-02-04/phase23_collective_intelligence_omics_mirror/mibi/raw/atlas_multi_region/Healthy_Case_Study_Imaging_Data/MFG_Grey.zip' -> '/Users/renatosocodato/thermocausality_mtce/phase23_collective_intelligence__localcopy_tmp_py/mibi/raw/atlas_multi_region/Healthy_Case_Study_Imaging_Data/MFG_Grey.zip'
phase23_collective_intelligence	/Users/renatosocodato/Library/CloudStorage/GoogleDrive-renato.socodato@gmail.com/My Drive/thermocausality_mtce_omics_mirror_2026-02-04/phase23_collective_intelligence_omics_mirror/mibi/raw/atlas_multi_region/Healthy_Case_Study_Imaging_Data/HIP_White.zip	/Users/renatosocodato/thermocausality_mtce/phase23_collective_intelligence__localcopy_tmp_py/mibi/raw/atlas_multi_region/Healthy_Case_Study_Imaging_Data/HIP_White.zip	TimeoutError	[Errno None] None: '/Users/renatosocodato/Library/CloudStorage/GoogleDrive-renato.socodato@gmail.com/My Drive/thermocausality_mtce_omics_mirror_2026-02-04/phase23_collective_intelligence_omics_mirror/mibi/raw/atlas_multi_region/Healthy_Case_Study_Imaging_Data/HIP_White.zip' -> '/Users/renatosocodato/thermocausality_mtce/phase23_collective_intelligence__localcopy_tmp_py/mibi/raw/atlas_multi_region/Healthy_Case_Study_Imaging_Data/HIP_White.zip'
phase23_collective_intelligence	/Users/renatosocodato/Library/CloudStorage/GoogleDrive-renato.socodato@gmail.com/My Drive/thermocausality_mtce_omics_mirror_2026-02-04/phase23_collective_intelligence_omics_mirror/mibi/raw/atlas_multi_region/Healthy_Case_Study_Imaging_Data/HIP_Grey.zip	/Users/renatosocodato/thermocausality_mtce/phase23_collective_intelligence__localcopy_tmp_py/mibi/raw/atlas_multi_region/Healthy_Case_Study_Imaging_Data/HIP_Grey.zip	TimeoutError	[Errno None] None: '/Users/renatosocodato/Library/CloudStorage/GoogleDrive-renato.socodato@gmail.com/My Drive/thermocausality_mtce_omics_mirror_2026-02-04/phase23_collective_intelligence_omics_mirror/mibi/raw/atlas_multi_region/Healthy_Case_Study_Imaging_Data/HIP_Grey.zip' -> '/Users/renatosocodato/thermocausality_mtce/phase23_collective_intelligence__localcopy_tmp_py/mibi/raw/atlas_multi_region/Healthy_Case_Study_Imaging_Data/HIP_Grey.zip'
phase23_collective_intelligence	/Users/renatosocodato/Library/CloudStorage/GoogleDrive-renato.socodato@gmail.com/My Drive/thermocausality_mtce_omics_mirror_2026-02-04/phase23_collective_intelligence_omics_mirror/mibi/raw/atlas_multi_region/Healthy_Case_Study_Imaging_Data/SN_Grey.zip	/Users/renatosocodato/thermocausality_mtce/phase23_collective_intelligence__localcopy_tmp_py/mibi/raw/atlas_multi_region/Healthy_Case_Study_Imaging_Data/SN_Grey.zip	TimeoutError	[Errno None] None: '/Users/renatosocodato/Library/CloudStorage/GoogleDrive-renato.socodato@gmail.com/My Drive/thermocausality_mtce_omics_mirror_2026-02-04/phase23_collective_intelligence_omics_mirror/mibi/raw/atlas_multi_region/Healthy_Case_Study_Imaging_Data/SN_Grey.zip' -> '/Users/renatosocodato/thermocausality_mtce/phase23_collective_intelligence__localcopy_tmp_py/mibi/raw/atlas_multi_region/Healthy_Case_Study_Imaging_Data/SN_Grey.zip'
phase23_collective_intelligence	/Users/renatosocodato/Library/CloudStorage/GoogleDrive-renato.socodato@gmail.com/My Drive/thermocausality_mtce_omics_mirror_2026-02-04/phase23_collective_intelligence_omics_mirror/mibi/raw/atlas_multi_region/Cohort_MIBI_Imaging_Data/segmentation.zip	/Users/renatosocodato/thermocausality_mtce/phase23_collective_intelligence__localcopy_tmp_py/mibi/raw/atlas_multi_region/Cohort_MIBI_Imaging_Data/segmentation.zip	TimeoutError	[Errno None] None: '/Users/renatosocodato/Library/CloudStorage/GoogleDrive-renato.socodato@gmail.com/My Drive/thermocausality_mtce_omics_mirror_2026-02-04/phase23_collective_intelligence_omics_mirror/mibi/raw/atlas_multi_region/Cohort_MIBI_Imaging_Data/segmentation.zip' -> '/Users/renatosocodato/thermocausality_mtce/phase23_collective_intelligence__localcopy_tmp_py/mibi/raw/atlas_multi_region/Cohort_MIBI_Imaging_Data/segmentation.zip'
phase23_collective_intelligence	/Users/renatosocodato/Library/CloudStorage/GoogleDrive-renato.socodato@gmail.com/My Drive/thermocausality_mtce_omics_mirror_2026-02-04/phase23_collective_intelligence_omics_mirror/mibi/raw/atlas_multi_region/Cohort_MIBI_Imaging_Data/composites.zip	/Users/renatosocodato/thermocausality_mtce/phase23_collective_intelligence__localcopy_tmp_py/mibi/raw/atlas_multi_region/Cohort_MIBI_Imaging_Data/composites.zip	TimeoutError	[Errno None] None: '/Users/renatosocodato/Library/CloudStorage/GoogleDrive-renato.socodato@gmail.com/My Drive/thermocausality_mtce_omics_mirror_2026-02-04/phase23_collective_intelligence_omics_mirror/mibi/raw/atlas_multi_region/Cohort_MIBI_Imaging_Data/composites.zip' -> '/Users/renatosocodato/thermocausality_mtce/phase23_collective_intelligence__localcopy_tmp_py/mibi/raw/atlas_multi_region/Cohort_MIBI_Imaging_Data/composites.zip'
phase23_collective_intelligence	/Users/renatosocodato/Library/CloudStorage/GoogleDrive-renato.socodato@gmail.com/My Drive/thermocausality_mtce_omics_mirror_2026-02-04/phase23_collective_intelligence_omics_mirror/mibi/raw/atlas_multi_region/Cohort_MIBI_Imaging_Data/cell_table.zip	/Users/renatosocodato/thermocausality_mtce/phase23_collective_intelligence__localcopy_tmp_py/mibi/raw/atlas_multi_region/Cohort_MIBI_Imaging_Data/cell_table.zip	TimeoutError	[Errno None] None: '/Users/renatosocodato/Library/CloudStorage/GoogleDrive-renato.socodato@gmail.com/My Drive/thermocausality_mtce_omics_mirror_2026-02-04/phase23_collective_intelligence_omics_mirror/mibi/raw/atlas_multi_region/Cohort_MIBI_Imaging_Data/cell_table.zip' -> '/Users/renatosocodato/thermocausality_mtce/phase23_collective_intelligence__localcopy_tmp_py/mibi/raw/atlas_multi_region/Cohort_MIBI_Imaging_Data/cell_table.zip'
phase23_collective_intelligence	/Users/renatosocodato/Library/CloudStorage/GoogleDrive-renato.socodato@gmail.com/My Drive/thermocausality_mtce_omics_mirror_2026-02-04/phase23_collective_intelligence_omics_mirror/mibi/raw/atlas_multi_region/Cohort_MIBI_Imaging_Data/image_data.zip	/Users/renatosocodato/thermocausality_mtce/phase23_collective_intelligence__localcopy_tmp_py/mibi/raw/atlas_multi_region/Cohort_MIBI_Imaging_Data/image_data.zip	TimeoutError	[Errno None] None: '/Users/renatosocodato/Library/CloudStorage/GoogleDrive-renato.socodato@gmail.com/My Drive/thermocausality_mtce_omics_mirror_2026-02-04/phase23_collective_intelligence_omics_mirror/mibi/raw/atlas_multi_region/Cohort_MIBI_Imaging_Data/image_data.zip' -> '/Users/renatosocodato/thermocausality_mtce/phase23_collective_intelligence__localcopy_tmp_py/mibi/raw/atlas_multi_region/Cohort_MIBI_Imaging_Data/image_data.zip'
phase23_collective_intelligence	/Users/renatosocodato/Library/CloudStorage/GoogleDrive-renato.socodato@gmail.com/My Drive/thermocausality_mtce_omics_mirror_2026-02-04/phase23_collective_intelligence_omics_mirror/mibi/raw/atlas_multi_region/Cohort_Analysis_Data/data.zip	/Users/renatosocodato/thermocausality_mtce/phase23_collective_intelligence__localcopy_tmp_py/mibi/raw/atlas_multi_region/Cohort_Analysis_Data/data.zip	TimeoutError	[Errno None] None: '/Users/renatosocodato/Library/CloudStorage/GoogleDrive-renato.socodato@gmail.com/My Drive/thermocausality_mtce_omics_mirror_2026-02-04/phase23_collective_intelligence_omics_mirror/mibi/raw/atlas_multi_region/Cohort_Analysis_Data/data.zip' -> '/Users/renatosocodato/thermocausality_mtce/phase23_collective_intelligence__localcopy_tmp_py/mibi/raw/atlas_multi_region/Cohort_Analysis_Data/data.zip'
phase23_collective_intelligence	/Users/renatosocodato/Library/CloudStorage/GoogleDrive-renato.socodato@gmail.com/My Drive/thermocausality_mtce_omics_mirror_2026-02-04/phase23_collective_intelligence_omics_mirror/mibi/raw/hippocampus_mibi_purl/ADD_Partial_HIRes_Hippocampus_object_segmentation.zip	/Users/renatosocodato/thermocausality_mtce/phase23_collective_intelligence__localcopy_tmp_py/mibi/raw/hippocampus_mibi_purl/ADD_Partial_HIRes_Hippocampus_object_segmentation.zip	TimeoutError	[Errno None] None: '/Users/renatosocodato/Library/CloudStorage/GoogleDrive-renato.socodato@gmail.com/My Drive/thermocausality_mtce_omics_mirror_2026-02-04/phase23_collective_intelligence_omics_mirror/mibi/raw/hippocampus_mibi_purl/ADD_Partial_HIRes_Hippocampus_object_segmentation.zip' -> '/Users/renatosocodato/thermocausality_mtce/phase23_collective_intelligence__localcopy_tmp_py/mibi/raw/hippocampus_mibi_purl/ADD_Partial_HIRes_Hippocampus_object_segmentation.zip'
phase23_collective_intelligence	/Users/renatosocodato/Library/CloudStorage/GoogleDrive-renato.socodato@gmail.com/My Drive/thermocausality_mtce_omics_mirror_2026-02-04/phase23_collective_intelligence_omics_mirror/scRNA/allen_ctx_hpf_smartseq/expression_matrix.hdf5	/Users/renatosocodato/thermocausality_mtce/phase23_collective_intelligence__localcopy_tmp_py/scRNA/allen_ctx_hpf_smartseq/expression_matrix.hdf5	TimeoutError	[Errno None] None: '/Users/renatosocodato/Library/CloudStorage/GoogleDrive-renato.socodato@gmail.com/My Drive/thermocausality_mtce_omics_mirror_2026-02-04/phase23_collective_intelligence_omics_mirror/scRNA/allen_ctx_hpf_smartseq/expression_matrix.hdf5' -> '/Users/renatosocodato/thermocausality_mtce/phase23_collective_intelligence__localcopy_tmp_py/scRNA/allen_ctx_hpf_smartseq/expression_matrix.hdf5'
phase23_collective_intelligence	/Users/renatosocodato/Library/CloudStorage/GoogleDrive-renato.socodato@gmail.com/My Drive/thermocausality_mtce_omics_mirror_2026-02-04/phase23_collective_intelligence_omics_mirror/scRNA/allen_ctx_hpf_smartseq/allen_ctx_hpf_hdf5_ref_subset.rds	/Users/renatosocodato/thermocausality_mtce/phase23_collective_intelligence__localcopy_tmp_py/scRNA/allen_ctx_hpf_smartseq/allen_ctx_hpf_hdf5_ref_subset.rds	TimeoutError	[Errno None] None: '/Users/renatosocodato/Library/CloudStorage/GoogleDrive-renato.socodato@gmail.com/My Drive/thermocausality_mtce_omics_mirror_2026-02-04/phase23_collective_intelligence_omics_mirror/scRNA/allen_ctx_hpf_smartseq/allen_ctx_hpf_hdf5_ref_subset.rds' -> '/Users/renatosocodato/thermocausality_mtce/phase23_collective_intelligence__localcopy_tmp_py/scRNA/allen_ctx_hpf_smartseq/allen_ctx_hpf_hdf5_ref_subset.rds'
phase23_collective_intelligence	/Users/renatosocodato/Library/CloudStorage/GoogleDrive-renato.socodato@gmail.com/My Drive/thermocausality_mtce_omics_mirror_2026-02-04/phase23_collective_intelligence_omics_mirror/scRNA/UMich_5XFAD_CT_Hippocampus/MALE_CT_HIPPOCAMPUS/AD00703.qsave	/Users/renatosocodato/thermocausality_mtce/phase23_collective_intelligence__localcopy_tmp_py/scRNA/UMich_5XFAD_CT_Hippocampus/MALE_CT_HIPPOCAMPUS/AD00703.qsave	TimeoutError	[Errno None] None: '/Users/renatosocodato/Library/CloudStorage/GoogleDrive-renato.socodato@gmail.com/My Drive/thermocausality_mtce_omics_mirror_2026-02-04/phase23_collective_intelligence_omics_mirror/scRNA/UMich_5XFAD_CT_Hippocampus/MALE_CT_HIPPOCAMPUS/AD00703.qsave' -> '/Users/renatosocodato/thermocausality_mtce/phase23_collective_intelligence__localcopy_tmp_py/scRNA/UMich_5XFAD_CT_Hippocampus/MALE_CT_HIPPOCAMPUS/AD00703.qsave'
phase23_collective_intelligence	/Users/renatosocodato/Library/CloudStorage/GoogleDrive-renato.socodato@gmail.com/My Drive/thermocausality_mtce_omics_mirror_2026-02-04/phase23_collective_intelligence_omics_mirror/scRNA/UMich_5XFAD_CT_Hippocampus/MALE_CT_HIPPOCAMPUS/AD01801.qsave	/Users/renatosocodato/thermocausality_mtce/phase23_collective_intelligence__localcopy_tmp_py/scRNA/UMich_5XFAD_CT_Hippocampus/MALE_CT_HIPPOCAMPUS/AD01801.qsave	TimeoutError	[Errno None] None: '/Users/renatosocodato/Library/CloudStorage/GoogleDrive-renato.socodato@gmail.com/My Drive/thermocausality_mtce_omics_mirror_2026-02-04/phase23_collective_intelligence_omics_mirror/scRNA/UMich_5XFAD_CT_Hippocampus/MALE_CT_HIPPOCAMPUS/AD01801.qsave' -> '/Users/renatosocodato/thermocausality_mtce/phase23_collective_intelligence__localcopy_tmp_py/scRNA/UMich_5XFAD_CT_Hippocampus/MALE_CT_HIPPOCAMPUS/AD01801.qsave'
phase23_collective_intelligence	/Users/renatosocodato/Library/CloudStorage/GoogleDrive-renato.socodato@gmail.com/My Drive/thermocausality_mtce_omics_mirror_2026-02-04/phase23_collective_intelligence_omics_mirror/scRNA/UMich_5XFAD_CT_Hippocampus/MALE_5XFAD_HIPPOCAMPUS/AD00715.qsave	/Users/renatosocodato/thermocausality_mtce/phase23_collective_intelligence__localcopy_tmp_py/scRNA/UMich_5XFAD_CT_Hippocampus/MALE_5XFAD_HIPPOCAMPUS/AD00715.qsave	TimeoutError	[Errno None] None: '/Users/renatosocodato/Library/CloudStorage/GoogleDrive-renato.socodato@gmail.com/My Drive/thermocausality_mtce_omics_mirror_2026-02-04/phase23_collective_intelligence_omics_mirror/scRNA/UMich_5XFAD_CT_Hippocampus/MALE_5XFAD_HIPPOCAMPUS/AD00715.qsave' -> '/Users/renatosocodato/thermocausality_mtce/phase23_collective_intelligence__localcopy_tmp_py/scRNA/UMich_5XFAD_CT_Hippocampus/MALE_5XFAD_HIPPOCAMPUS/AD00715.qsave'
phase23_collective_intelligence	/Users/renatosocodato/Library/CloudStorage/GoogleDrive-renato.socodato@gmail.com/My Drive/thermocausality_mtce_omics_mirror_2026-02-04/phase23_collective_intelligence_omics_mirror/scRNA/UMich_5XFAD_CT_Hippocampus/MALE_5XFAD_HIPPOCAMPUS/AD01802.qsave	/Users/renatosocodato/thermocausality_mtce/phase23_collective_intelligence__localcopy_tmp_py/scRNA/UMich_5XFAD_CT_Hippocampus/MALE_5XFAD_HIPPOCAMPUS/AD01802.qsave	TimeoutError	[Errno None] None: '/Users/renatosocodato/Library/CloudStorage/GoogleDrive-renato.socodato@gmail.com/My Drive/thermocausality_mtce_omics_mirror_2026-02-04/phase23_collective_intelligence_omics_mirror/scRNA/UMich_5XFAD_CT_Hippocampus/MALE_5XFAD_HIPPOCAMPUS/AD01802.qsave' -> '/Users/renatosocodato/thermocausality_mtce/phase23_collective_intelligence__localcopy_tmp_py/scRNA/UMich_5XFAD_CT_Hippocampus/MALE_5XFAD_HIPPOCAMPUS/AD01802.qsave'
phase23_collective_intelligence	/Users/renatosocodato/Library/CloudStorage/GoogleDrive-renato.socodato@gmail.com/My Drive/thermocausality_mtce_omics_mirror_2026-02-04/phase23_collective_intelligence_omics_mirror/spatial/GSE209583/GSE209583_visium_seurat_labeled.rds	/Users/renatosocodato/thermocausality_mtce/phase23_collective_intelligence__localcopy_tmp_py/spatial/GSE209583/GSE209583_visium_seurat_labeled.rds	TimeoutError	[Errno None] None: '/Users/renatosocodato/Library/CloudStorage/GoogleDrive-renato.socodato@gmail.com/My Drive/thermocausality_mtce_omics_mirror_2026-02-04/phase23_collective_intelligence_omics_mirror/spatial/GSE209583/GSE209583_visium_seurat_labeled.rds' -> '/Users/renatosocodato/thermocausality_mtce/phase23_collective_intelligence__localcopy_tmp_py/spatial/GSE209583/GSE209583_visium_seurat_labeled.rds'
phase23_collective_intelligence	/Users/renatosocodato/Library/CloudStorage/GoogleDrive-renato.socodato@gmail.com/My Drive/thermocausality_mtce_omics_mirror_2026-02-04/phase23_collective_intelligence_omics_mirror/spatial/GSE209583/GSE209583_visium_seurat.rds	/Users/renatosocodato/thermocausality_mtce/phase23_collective_intelligence__localcopy_tmp_py/spatial/GSE209583/GSE209583_visium_seurat.rds	TimeoutError	[Errno None] None: '/Users/renatosocodato/Library/CloudStorage/GoogleDrive-renato.socodato@gmail.com/My Drive/thermocausality_mtce_omics_mirror_2026-02-04/phase23_collective_intelligence_omics_mirror/spatial/GSE209583/GSE209583_visium_seurat.rds' -> '/Users/renatosocodato/thermocausality_mtce/phase23_collective_intelligence__localcopy_tmp_py/spatial/GSE209583/GSE209583_visium_seurat.rds'
phase23_collective_intelligence	/Users/renatosocodato/Library/CloudStorage/GoogleDrive-renato.socodato@gmail.com/My Drive/thermocausality_mtce_omics_mirror_2026-02-04/phase23_collective_intelligence_omics_mirror/spatial/GSE209583/GSE209583_RAW.tar	/Users/renatosocodato/thermocausality_mtce/phase23_collective_intelligence__localcopy_tmp_py/spatial/GSE209583/GSE209583_RAW.tar	TimeoutError	[Errno None] None: '/Users/renatosocodato/Library/CloudStorage/GoogleDrive-renato.socodato@gmail.com/My Drive/thermocausality_mtce_omics_mirror_2026-02-04/phase23_collective_intelligence_omics_mirror/spatial/GSE209583/GSE209583_RAW.tar' -> '/Users/renatosocodato/thermocausality_mtce/phase23_collective_intelligence__localcopy_tmp_py/spatial/GSE209583/GSE209583_RAW.tar'
phase23_collective_intelligence	/Users/renatosocodato/Library/CloudStorage/GoogleDrive-renato.socodato@gmail.com/My Drive/thermocausality_mtce_omics_mirror_2026-02-04/phase23_collective_intelligence_omics_mirror/spatial/GSE233208/GSE233208_5XFAD_seurat_processed_annotated.rds	/Users/renatosocodato/thermocausality_mtce/phase23_collective_intelligence__localcopy_tmp_py/spatial/GSE233208/GSE233208_5XFAD_seurat_processed_annotated.rds	TimeoutError	[Errno None] None: '/Users/renatosocodato/Library/CloudStorage/GoogleDrive-renato.socodato@gmail.com/My Drive/thermocausality_mtce_omics_mirror_2026-02-04/phase23_collective_intelligence_omics_mirror/spatial/GSE233208/GSE233208_5XFAD_seurat_processed_annotated.rds' -> '/Users/renatosocodato/thermocausality_mtce/phase23_collective_intelligence__localcopy_tmp_py/spatial/GSE233208/GSE233208_5XFAD_seurat_processed_annotated.rds'
phase23_collective_intelligence	/Users/renatosocodato/Library/CloudStorage/GoogleDrive-renato.socodato@gmail.com/My Drive/thermocausality_mtce_omics_mirror_2026-02-04/phase23_collective_intelligence_omics_mirror/spatial/GSE233208/GSE233208_5XFAD_seurat_processed_annotated.rds.gz	/Users/renatosocodato/thermocausality_mtce/phase23_collective_intelligence__localcopy_tmp_py/spatial/GSE233208/GSE233208_5XFAD_seurat_processed_annotated.rds.gz	TimeoutError	[Errno None] None: '/Users/renatosocodato/Library/CloudStorage/GoogleDrive-renato.socodato@gmail.com/My Drive/thermocausality_mtce_omics_mirror_2026-02-04/phase23_collective_intelligence_omics_mirror/spatial/GSE233208/GSE233208_5XFAD_seurat_processed_annotated.rds.gz' -> '/Users/renatosocodato/thermocausality_mtce/phase23_collective_intelligence__localcopy_tmp_py/spatial/GSE233208/GSE233208_5XFAD_seurat_processed_annotated.rds.gz'
