timestamp_utc	root	action	status	detail
2026-02-24T12:10:03.531446Z	/Users/renatosocodato/.claude/plugins/cache/claude-scientific-writer/claude-scientific-writer/2ae9407efbb2	create_venv	ok	
2026-02-24T12:10:09.811091Z	/Users/renatosocodato/.claude/plugins/cache/claude-scientific-writer/claude-scientific-writer/2ae9407efbb2	install_project	ok	"e-any.whl (74 kB)
Using cached typing_extensions-4.15.0-py3-none-any.whl (44 kB)
Using cached typing_inspection-0.4.2-py3-none-any.whl (14 kB)
Using cached uvicorn-0.41.0-py3-none-any.whl (68 kB)
Using cached click-8.3.1-py3-none-any.whl (108 kB)
Using cached pycparser-3.0-py3-none-any.whl (48 kB)
Building wheels for collected packages: scientific-writer
  Building wheel for scientific-writer (pyproject.toml): started
  Building wheel for scientific-writer (pyproject.toml): finished with status 'done'
  Created wheel for scientific-writer: filename=scientific_writer-2.11.1-py3-none-any.whl size=1813106 sha256=b5e909cd53823bffc60b7eca5d689ddc7fae4fcee4dd665f7207e2f9bad79ef2
  Stored in directory: /private/var/folders/5b/7p27pl3x6nd_7f45f2m29ksr0000gn/T/pip-ephem-wheel-cache-31xgoyx9/wheels/1f/32/cf/fd533ab7b2b93936904b6e4cc8cab76306d9728347a8dc4d0b
Successfully built scientific-writer
Installing collected packages: urllib3, typing-extensions, rpds-py, python-multipart, python-dotenv, pymupdf, pyjwt, pycparser, idna, httpx-sse, h11, click, charset_normalizer, certifi, attrs, annotated-types, uvicorn, typing-inspection, requests, referencing, pydantic-core, httpcore, cffi, anyio, starlette, pydantic, jsonschema-specifications, httpx, cryptography, sse-starlette, pydantic-settings, jsonschema, mcp, claude-agent-sdk, scientific-writer

Successfully installed annotated-types-0.7.0 anyio-4.12.1 attrs-25.4.0 certifi-2026.1.4 cffi-2.0.0 charset_normalizer-3.4.4 claude-agent-sdk-0.1.41 click-8.3.1 cryptography-46.0.5 h11-0.16.0 httpcore-1.0.9 httpx-0.28.1 httpx-sse-0.4.3 idna-3.11 jsonschema-4.26.0 jsonschema-specifications-2025.9.1 mcp-1.26.0 pycparser-3.0 pydantic-2.12.5 pydantic-core-2.41.5 pydantic-settings-2.13.1 pyjwt-2.11.0 pymupdf-1.27.1 python-dotenv-1.2.1 python-multipart-0.0.22 referencing-0.37.0 requests-2.32.5 rpds-py-0.30.0 scientific-writer-2.11.1 sse-starlette-3.2.0 starlette-0.52.1 typing-extensions-4.15.0 typing-inspection-0.4.2 urllib3-2.6.3 uvicorn-0.41.0
"
2026-02-24T12:10:11.103784Z	/Users/renatosocodato/Library/CloudStorage/GoogleDrive-renato.socodato@gmail.com/My Drive/spatial_integration_archive/code/MALDI2Alz/pyImagingMSpec	create_venv	ok	
2026-02-24T12:10:13.165068Z	/Users/renatosocodato/Library/CloudStorage/GoogleDrive-renato.socodato@gmail.com/My Drive/spatial_integration_archive/code/MALDI2Alz/pyImagingMSpec	install_requirements	fail	"ERROR: Invalid requirement: 'Original path discovered in session traces: `/Users/renatosocodato/PFn1 5xFAD/spatial_integration/code/MALDI2Alz/pyImagingMSpec/requirements.txt`': Expected semicolon (after name with no version specifier) or end
    Original path discovered in session traces: `/Users/renatosocodato/PFn1 5xFAD/spatial_integration/code/MALDI2Alz/pyImagingMSpec/requirements.txt`
             ^ (from line 3 of /Users/renatosocodato/Library/CloudStorage/GoogleDrive-renato.socodato@gmail.com/My Drive/spatial_integration_archive/code/MALDI2Alz/pyImagingMSpec/requirements.txt)
Hint: It looks like a path. File 'Original path discovered in session traces: `/Users/renatosocodato/PFn1 5xFAD/spatial_integration/code/MALDI2Alz/pyImagingMSpec/requirements.txt`' does not exist.
"
2026-02-24T12:10:14.477261Z	/Users/renatosocodato/Library/CloudStorage/GoogleDrive-renato.socodato@gmail.com/My Drive/thermocausality_mtce_omics_mirror_2026-02-04/phase23_collective_intelligence_omics_mirror/maldi2alz/MALDI2Alz/pyImagingMSpec	create_venv	ok	
2026-02-24T12:10:25.545363Z	/Users/renatosocodato/Library/CloudStorage/GoogleDrive-renato.socodato@gmail.com/My Drive/thermocausality_mtce_omics_mirror_2026-02-04/phase23_collective_intelligence_omics_mirror/maldi2alz/MALDI2Alz/pyImagingMSpec	install_requirements	ok	"-cp314-macosx_11_0_arm64.whl (8.2 MB)
Using cached numpy-2.4.2-cp314-cp314-macosx_14_0_arm64.whl (5.2 MB)
Using cached scipy-1.17.1-cp314-cp314-macosx_14_0_arm64.whl (20.3 MB)
Using cached contourpy-1.3.3-cp314-cp314-macosx_11_0_arm64.whl (273 kB)
Using cached cycler-0.12.1-py3-none-any.whl (8.3 kB)
Using cached fonttools-4.61.1-cp314-cp314-macosx_10_15_universal2.whl (2.8 MB)
Using cached kiwisolver-1.4.9-cp314-cp314-macosx_11_0_arm64.whl (64 kB)
Using cached pillow-12.1.1-cp314-cp314-macosx_11_0_arm64.whl (4.7 MB)
Using cached pyparsing-3.3.2-py3-none-any.whl (122 kB)
Using cached python_dateutil-2.9.0.post0-py2.py3-none-any.whl (229 kB)
Using cached six-1.17.0-py2.py3-none-any.whl (11 kB)
Building wheels for collected packages: pyMS
  Building wheel for pyMS (pyproject.toml): started
  Building wheel for pyMS (pyproject.toml): finished with status 'done'
  Created wheel for pyMS: filename=pyms-0.1-py3-none-any.whl size=25092 sha256=6c1b73dbe8e7e82b879da8114fd3ae4242021215b3aaa2e99417fd4ada0c2c35
  Stored in directory: /Users/renatosocodato/Library/Caches/pip/wheels/61/f4/18/81f1a44645fc3f3a0e3828540fef4c4a32887326a013f655c0
Successfully built pyMS
Installing collected packages: pyMS, six, pyparsing, pillow, numpy, kiwisolver, fonttools, cycler, scipy, python-dateutil, h5py, contourpy, matplotlib

Successfully installed contourpy-1.3.3 cycler-0.12.1 fonttools-4.61.1 h5py-3.15.1 kiwisolver-1.4.9 matplotlib-3.10.8 numpy-2.4.2 pillow-12.1.1 pyMS-0.1 pyparsing-3.3.2 python-dateutil-2.9.0.post0 scipy-1.17.1 six-1.17.0
  Running command git clone --filter=blob:none --quiet https://github.com/alexandrovteam/pyMS.git /private/var/folders/5b/7p27pl3x6nd_7f45f2m29ksr0000gn/T/pip-req-build-d_tn0bhk
  Running command git rev-parse -q --verify 'sha^1e6a178b6daf5143c258a3b2933fc9fefead770f'
  Running command git fetch -q https://github.com/alexandrovteam/pyMS.git 1e6a178b6daf5143c258a3b2933fc9fefead770f
  Running command git checkout -q 1e6a178b6daf5143c258a3b2933fc9fefead770f
"
2026-02-24T12:10:26.807074Z	/Users/renatosocodato/PFn1 5xFAD/spatial_integration/code/MALDI2Alz/pyImagingMSpec	create_venv	ok	
2026-02-24T12:10:37.846857Z	/Users/renatosocodato/PFn1 5xFAD/spatial_integration/code/MALDI2Alz/pyImagingMSpec	install_requirements	ok	"-cp314-macosx_11_0_arm64.whl (8.2 MB)
Using cached numpy-2.4.2-cp314-cp314-macosx_14_0_arm64.whl (5.2 MB)
Using cached scipy-1.17.1-cp314-cp314-macosx_14_0_arm64.whl (20.3 MB)
Using cached contourpy-1.3.3-cp314-cp314-macosx_11_0_arm64.whl (273 kB)
Using cached cycler-0.12.1-py3-none-any.whl (8.3 kB)
Using cached fonttools-4.61.1-cp314-cp314-macosx_10_15_universal2.whl (2.8 MB)
Using cached kiwisolver-1.4.9-cp314-cp314-macosx_11_0_arm64.whl (64 kB)
Using cached pillow-12.1.1-cp314-cp314-macosx_11_0_arm64.whl (4.7 MB)
Using cached pyparsing-3.3.2-py3-none-any.whl (122 kB)
Using cached python_dateutil-2.9.0.post0-py2.py3-none-any.whl (229 kB)
Using cached six-1.17.0-py2.py3-none-any.whl (11 kB)
Building wheels for collected packages: pyMS
  Building wheel for pyMS (pyproject.toml): started
  Building wheel for pyMS (pyproject.toml): finished with status 'done'
  Created wheel for pyMS: filename=pyms-0.1-py3-none-any.whl size=25092 sha256=d795d4a56ad86dcdbc092e8894414caecee069a0c774833c592e871e2bc39ae5
  Stored in directory: /Users/renatosocodato/Library/Caches/pip/wheels/61/f4/18/81f1a44645fc3f3a0e3828540fef4c4a32887326a013f655c0
Successfully built pyMS
Installing collected packages: pyMS, six, pyparsing, pillow, numpy, kiwisolver, fonttools, cycler, scipy, python-dateutil, h5py, contourpy, matplotlib

Successfully installed contourpy-1.3.3 cycler-0.12.1 fonttools-4.61.1 h5py-3.15.1 kiwisolver-1.4.9 matplotlib-3.10.8 numpy-2.4.2 pillow-12.1.1 pyMS-0.1 pyparsing-3.3.2 python-dateutil-2.9.0.post0 scipy-1.17.1 six-1.17.0
  Running command git clone --filter=blob:none --quiet https://github.com/alexandrovteam/pyMS.git /private/var/folders/5b/7p27pl3x6nd_7f45f2m29ksr0000gn/T/pip-req-build-6voy_dey
  Running command git rev-parse -q --verify 'sha^1e6a178b6daf5143c258a3b2933fc9fefead770f'
  Running command git fetch -q https://github.com/alexandrovteam/pyMS.git 1e6a178b6daf5143c258a3b2933fc9fefead770f
  Running command git checkout -q 1e6a178b6daf5143c258a3b2933fc9fefead770f
"
2026-02-24T12:10:39.122745Z	/Users/renatosocodato/thermocausality_mtce/phase23_collective_intelligence/maldi2alz/MALDI2Alz/pyImagingMSpec	create_venv	ok	
2026-02-24T12:10:49.948452Z	/Users/renatosocodato/thermocausality_mtce/phase23_collective_intelligence/maldi2alz/MALDI2Alz/pyImagingMSpec	install_requirements	ok	"-cp314-macosx_11_0_arm64.whl (8.2 MB)
Using cached numpy-2.4.2-cp314-cp314-macosx_14_0_arm64.whl (5.2 MB)
Using cached scipy-1.17.1-cp314-cp314-macosx_14_0_arm64.whl (20.3 MB)
Using cached contourpy-1.3.3-cp314-cp314-macosx_11_0_arm64.whl (273 kB)
Using cached cycler-0.12.1-py3-none-any.whl (8.3 kB)
Using cached fonttools-4.61.1-cp314-cp314-macosx_10_15_universal2.whl (2.8 MB)
Using cached kiwisolver-1.4.9-cp314-cp314-macosx_11_0_arm64.whl (64 kB)
Using cached pillow-12.1.1-cp314-cp314-macosx_11_0_arm64.whl (4.7 MB)
Using cached pyparsing-3.3.2-py3-none-any.whl (122 kB)
Using cached python_dateutil-2.9.0.post0-py2.py3-none-any.whl (229 kB)
Using cached six-1.17.0-py2.py3-none-any.whl (11 kB)
Building wheels for collected packages: pyMS
  Building wheel for pyMS (pyproject.toml): started
  Building wheel for pyMS (pyproject.toml): finished with status 'done'
  Created wheel for pyMS: filename=pyms-0.1-py3-none-any.whl size=25092 sha256=70531b527a7421513bcc9f4687f325a9269b631c410396ece00198a47b99757a
  Stored in directory: /Users/renatosocodato/Library/Caches/pip/wheels/61/f4/18/81f1a44645fc3f3a0e3828540fef4c4a32887326a013f655c0
Successfully built pyMS
Installing collected packages: pyMS, six, pyparsing, pillow, numpy, kiwisolver, fonttools, cycler, scipy, python-dateutil, h5py, contourpy, matplotlib

Successfully installed contourpy-1.3.3 cycler-0.12.1 fonttools-4.61.1 h5py-3.15.1 kiwisolver-1.4.9 matplotlib-3.10.8 numpy-2.4.2 pillow-12.1.1 pyMS-0.1 pyparsing-3.3.2 python-dateutil-2.9.0.post0 scipy-1.17.1 six-1.17.0
  Running command git clone --filter=blob:none --quiet https://github.com/alexandrovteam/pyMS.git /private/var/folders/5b/7p27pl3x6nd_7f45f2m29ksr0000gn/T/pip-req-build-7fb0rhfj
  Running command git rev-parse -q --verify 'sha^1e6a178b6daf5143c258a3b2933fc9fefead770f'
  Running command git fetch -q https://github.com/alexandrovteam/pyMS.git 1e6a178b6daf5143c258a3b2933fc9fefead770f
  Running command git checkout -q 1e6a178b6daf5143c258a3b2933fc9fefead770f
"
2026-02-24T12:11:16.551835Z	/Users/renatosocodato/Library/CloudStorage/GoogleDrive-renato.socodato@gmail.com/My Drive/spatial_integration_archive/code/MALDI2Alz/pyImagingMSpec	install_requirements_retry_after_manifest_repair	ok	requirements.txt replaced from validated local copy and install succeeded
